Date,Time,Heart rate
2024.12.09 00.00,00.00,53
2024.12.09 00.00,00.00,55
2024.12.09 00.00,00.00,55
2024.12.09 00.00,00.00,55
2024.12.09 00.01,00.01,55
2024.12.09 00.01,00.01,55
2024.12.09 00.01,00.01,55
2024.12.09 00.01,00.01,55
2024.12.09 00.02,00.02,55
2024.12.09 00.02,00.02,55
2024.12.09 00.02,00.02,55
2024.12.09 00.02,00.02,55
2024.12.09 00.03,00.03,55
2024.12.09 00.03,00.03,55
2024.12.09 00.03,00.03,55
2024.12.09 00.03,00.03,55
2024.12.09 00.04,00.04,55
2024.12.09 00.04,00.04,55
2024.12.09 00.04,00.04,55
2024.12.09 00.04,00.04,55
2024.12.09 00.05,00.05,55
2024.12.09 00.05,00.05,55
2024.12.09 00.05,00.05,55
2024.12.09 00.05,00.05,55
2024.12.09 00.06,00.06,55
2024.12.09 00.06,00.06,55
2024.12.09 00.06,00.06,55
2024.12.09 00.06,00.06,55
2024.12.09 00.07,00.07,55
2024.12.09 00.07,00.07,55
2024.12.09 00.07,00.07,55
2024.12.09 00.07,00.07,55
2024.12.09 00.08,00.08,55
2024.12.09 00.08,00.08,55
2024.12.09 00.08,00.08,55
2024.12.09 00.08,00.08,55
2024.12.09 00.09,00.09,55
2024.12.09 00.09,00.09,55
2024.12.09 00.09,00.09,55
2024.12.09 00.09,00.09,55
2024.12.09 00.10,00.10,55
2024.12.09 00.10,00.10,55
2024.12.09 00.10,00.10,55
2024.12.09 00.10,00.10,55
2024.12.09 00.11,00.11,55
2024.12.09 00.11,00.11,55
2024.12.09 00.11,00.11,55
2024.12.09 00.11,00.11,55
2024.12.09 00.12,00.12,55
2024.12.09 00.12,00.12,55
2024.12.09 00.12,00.12,55
2024.12.09 00.12,00.12,55
2024.12.09 00.13,00.13,55
2024.12.09 00.13,00.13,55
2024.12.09 00.13,00.13,55
2024.12.09 00.13,00.13,55
2024.12.09 00.14,00.14,55
2024.12.09 00.14,00.14,55
2024.12.09 00.14,00.14,55
2024.12.09 00.14,00.14,55
2024.12.09 00.15,00.15,55
2024.12.09 00.15,00.15,56
2024.12.09 00.15,00.15,56
2024.12.09 00.15,00.15,56
2024.12.09 00.16,00.16,56
2024.12.09 00.16,00.16,56
2024.12.09 00.16,00.16,56
2024.12.09 00.16,00.16,56
2024.12.09 00.17,00.17,56
2024.12.09 00.17,00.17,55
2024.12.09 00.17,00.17,55
2024.12.09 00.17,00.17,55
2024.12.09 00.18,00.18,55
2024.12.09 00.18,00.18,56
2024.12.09 00.18,00.18,56
2024.12.09 00.18,00.18,56
2024.12.09 00.19,00.19,56
2024.12.09 00.19,00.19,55
2024.12.09 00.19,00.19,55
2024.12.09 00.19,00.19,55
2024.12.09 00.20,00.20,55
2024.12.09 00.20,00.20,55
2024.12.09 00.20,00.20,55
2024.12.09 00.20,00.20,55
2024.12.09 00.21,00.21,55
2024.12.09 00.21,00.21,56
2024.12.09 00.21,00.21,56
2024.12.09 00.21,00.21,56
2024.12.09 00.22,00.22,56
2024.12.09 00.22,00.22,60
2024.12.09 00.22,00.22,60
2024.12.09 00.22,00.22,60
2024.12.09 00.23,00.23,60
2024.12.09 00.23,00.23,57
2024.12.09 00.23,00.23,57
2024.12.09 00.23,00.23,57
2024.12.09 00.24,00.24,57
2024.12.09 00.24,00.24,58
2024.12.09 00.24,00.24,58
2024.12.09 00.24,00.24,58
2024.12.09 00.25,00.25,58
2024.12.09 00.25,00.25,54
2024.12.09 00.25,00.25,54
2024.12.09 00.25,00.25,54
2024.12.09 00.26,00.26,54
2024.12.09 00.26,00.26,60
2024.12.09 00.26,00.26,60
2024.12.09 00.26,00.26,60
2024.12.09 00.27,00.27,60
2024.12.09 00.27,00.27,53
2024.12.09 00.27,00.27,53
2024.12.09 00.27,00.27,53
2024.12.09 00.28,00.28,53
2024.12.09 00.28,00.28,55
2024.12.09 00.28,00.28,55
2024.12.09 00.28,00.28,55
2024.12.09 00.29,00.29,55
2024.12.09 00.29,00.29,58
2024.12.09 00.29,00.29,58
2024.12.09 00.29,00.29,58
2024.12.09 00.30,00.30,58
2024.12.09 00.30,00.30,55
2024.12.09 00.30,00.30,55
2024.12.09 00.30,00.30,55
2024.12.09 00.31,00.31,55
2024.12.09 00.31,00.31,54
2024.12.09 00.31,00.31,54
2024.12.09 00.31,00.31,54
2024.12.09 00.32,00.32,54
2024.12.09 00.32,00.32,51
2024.12.09 00.32,00.32,51
2024.12.09 00.32,00.32,51
2024.12.09 00.33,00.33,51
2024.12.09 00.33,00.33,53
2024.12.09 00.33,00.33,53
2024.12.09 00.33,00.33,53
2024.12.09 00.34,00.34,53
2024.12.09 00.34,00.34,64
2024.12.09 00.34,00.34,64
2024.12.09 00.34,00.34,64
2024.12.09 00.35,00.35,64
2024.12.09 00.35,00.35,51
2024.12.09 00.35,00.35,51
2024.12.09 00.35,00.35,51
2024.12.09 00.36,00.36,51
2024.12.09 00.36,00.36,53
2024.12.09 00.36,00.36,53
2024.12.09 00.36,00.36,53
2024.12.09 00.37,00.37,53
2024.12.09 00.37,00.37,60
2024.12.09 00.37,00.37,60
2024.12.09 00.37,00.37,60
2024.12.09 00.38,00.38,60
2024.12.09 00.38,00.38,51
2024.12.09 00.38,00.38,51
2024.12.09 00.38,00.38,51
2024.12.09 00.39,00.39,51
2024.12.09 00.39,00.39,55
2024.12.09 00.39,00.39,55
2024.12.09 00.39,00.39,55
2024.12.09 00.40,00.40,55
2024.12.09 00.40,00.40,52
2024.12.09 00.40,00.40,52
2024.12.09 00.40,00.40,52
2024.12.09 00.41,00.41,52
2024.12.09 00.41,00.41,54
2024.12.09 00.41,00.41,54
2024.12.09 00.41,00.41,54
2024.12.09 00.42,00.42,54
2024.12.09 00.42,00.42,58
2024.12.09 00.42,00.42,58
2024.12.09 00.42,00.42,58
2024.12.09 00.43,00.43,58
2024.12.09 00.43,00.43,54
2024.12.09 00.43,00.43,54
2024.12.09 00.43,00.43,54
2024.12.09 00.44,00.44,54
2024.12.09 00.44,00.44,54
2024.12.09 00.44,00.44,54
2024.12.09 00.44,00.44,54
2024.12.09 00.45,00.45,54
2024.12.09 00.45,00.45,51
2024.12.09 00.45,00.45,51
2024.12.09 00.45,00.45,51
2024.12.09 00.46,00.46,51
2024.12.09 00.46,00.46,52
2024.12.09 00.46,00.46,52
2024.12.09 00.46,00.46,52
2024.12.09 00.47,00.47,52
2024.12.09 00.47,00.47,52
2024.12.09 00.47,00.47,52
2024.12.09 00.47,00.47,52
2024.12.09 00.48,00.48,52
2024.12.09 00.48,00.48,52
2024.12.09 00.48,00.48,52
2024.12.09 00.48,00.48,52
2024.12.09 00.49,00.49,52
2024.12.09 00.49,00.49,52
2024.12.09 00.49,00.49,52
2024.12.09 00.49,00.49,52
2024.12.09 00.50,00.50,52
2024.12.09 00.50,00.50,62
2024.12.09 00.50,00.50,62
2024.12.09 00.50,00.50,62
2024.12.09 00.51,00.51,62
2024.12.09 00.51,00.51,58
2024.12.09 00.51,00.51,58
2024.12.09 00.51,00.51,58
2024.12.09 00.52,00.52,58
2024.12.09 00.52,00.52,53
2024.12.09 00.52,00.52,53
2024.12.09 00.52,00.52,53
2024.12.09 00.53,00.53,53
2024.12.09 00.53,00.53,56
2024.12.09 00.53,00.53,56
2024.12.09 00.53,00.53,56
2024.12.09 00.54,00.54,56
2024.12.09 00.54,00.54,61
2024.12.09 00.54,00.54,61
2024.12.09 00.54,00.54,61
2024.12.09 00.55,00.55,61
2024.12.09 00.55,00.55,65
2024.12.09 00.55,00.55,65
2024.12.09 00.55,00.55,65
2024.12.09 00.56,00.56,65
2024.12.09 00.56,00.56,67
2024.12.09 00.56,00.56,67
2024.12.09 00.56,00.56,67
2024.12.09 00.57,00.57,67
2024.12.09 00.57,00.57,68
2024.12.09 00.57,00.57,68
2024.12.09 00.57,00.57,68
2024.12.09 00.58,00.58,68
2024.12.09 00.58,00.58,62
2024.12.09 00.58,00.58,62
2024.12.09 00.58,00.58,62
2024.12.09 00.59,00.59,62
2024.12.09 00.59,00.59,61
2024.12.09 00.59,00.59,61
2024.12.09 00.59,00.59,61
2024.12.09 01.00,01.00,61
2024.12.09 01.00,01.00,63
2024.12.09 01.00,01.00,63
2024.12.09 01.00,01.00,63
2024.12.09 01.01,01.01,63
2024.12.09 01.01,01.01,64
2024.12.09 01.01,01.01,64
2024.12.09 01.01,01.01,64
2024.12.09 01.02,01.02,64
2024.12.09 01.02,01.02,65
2024.12.09 01.02,01.02,65
2024.12.09 01.02,01.02,65
2024.12.09 01.03,01.03,65
2024.12.09 01.03,01.03,66
2024.12.09 01.03,01.03,66
2024.12.09 01.03,01.03,66
2024.12.09 01.04,01.04,66
2024.12.09 01.04,01.04,58
2024.12.09 01.04,01.04,58
2024.12.09 01.04,01.04,58
2024.12.09 01.05,01.05,58
2024.12.09 01.05,01.05,62
2024.12.09 01.05,01.05,62
2024.12.09 01.05,01.05,62
2024.12.09 01.06,01.06,62
2024.12.09 01.06,01.06,67
2024.12.09 01.06,01.06,67
2024.12.09 01.06,01.06,67
2024.12.09 01.07,01.07,67
2024.12.09 01.07,01.07,54
2024.12.09 01.07,01.07,54
2024.12.09 01.07,01.07,54
2024.12.09 01.08,01.08,54
2024.12.09 01.08,01.08,56
2024.12.09 01.08,01.08,56
2024.12.09 01.08,01.08,56
2024.12.09 01.09,01.09,56
2024.12.09 01.09,01.09,61
2024.12.09 01.09,01.09,61
2024.12.09 01.09,01.09,61
2024.12.09 01.10,01.10,61
2024.12.09 01.10,01.10,62
2024.12.09 01.10,01.10,62
2024.12.09 01.10,01.10,62
2024.12.09 01.11,01.11,62
2024.12.09 01.11,01.11,54
2024.12.09 01.11,01.11,54
2024.12.09 01.11,01.11,54
2024.12.09 01.12,01.12,54
2024.12.09 01.12,01.12,61
2024.12.09 01.12,01.12,61
2024.12.09 01.12,01.12,61
2024.12.09 01.13,01.13,61
2024.12.09 01.13,01.13,66
2024.12.09 01.13,01.13,66
2024.12.09 01.13,01.13,66
2024.12.09 01.14,01.14,66
2024.12.09 01.14,01.14,56
2024.12.09 01.14,01.14,56
2024.12.09 01.14,01.14,56
2024.12.09 01.15,01.15,56
2024.12.09 01.15,01.15,58
2024.12.09 01.15,01.15,58
2024.12.09 01.15,01.15,58
2024.12.09 01.16,01.16,58
2024.12.09 01.16,01.16,63
2024.12.09 01.16,01.16,63
2024.12.09 01.16,01.16,63
2024.12.09 01.17,01.17,63
2024.12.09 01.17,01.17,64
2024.12.09 01.17,01.17,64
2024.12.09 01.17,01.17,64
2024.12.09 01.18,01.18,64
2024.12.09 01.18,01.18,67
2024.12.09 01.18,01.18,67
2024.12.09 01.18,01.18,67
2024.12.09 01.19,01.19,67
2024.12.09 01.19,01.19,60
2024.12.09 01.19,01.19,60
2024.12.09 01.19,01.19,60
2024.12.09 01.20,01.20,60
2024.12.09 01.20,01.20,57
2024.12.09 01.20,01.20,57
2024.12.09 01.20,01.20,57
2024.12.09 01.21,01.21,57
2024.12.09 01.21,01.21,55
2024.12.09 01.21,01.21,55
2024.12.09 01.21,01.21,55
2024.12.09 01.22,01.22,55
2024.12.09 01.22,01.22,59
2024.12.09 01.22,01.22,59
2024.12.09 01.22,01.22,59
2024.12.09 01.23,01.23,59
2024.12.09 01.23,01.23,61
2024.12.09 01.23,01.23,61
2024.12.09 01.23,01.23,61
2024.12.09 01.24,01.24,61
2024.12.09 01.24,01.24,62
2024.12.09 01.24,01.24,62
2024.12.09 01.24,01.24,62
2024.12.09 01.25,01.25,62
2024.12.09 01.25,01.25,65
2024.12.09 01.25,01.25,65
2024.12.09 01.25,01.25,65
2024.12.09 01.26,01.26,65
2024.12.09 01.26,01.26,63
2024.12.09 01.26,01.26,63
2024.12.09 01.26,01.26,63
2024.12.09 01.27,01.27,63
2024.12.09 01.27,01.27,67
2024.12.09 01.27,01.27,67
2024.12.09 01.27,01.27,67
2024.12.09 01.28,01.28,67
2024.12.09 01.28,01.28,70
2024.12.09 01.28,01.28,70
2024.12.09 01.28,01.28,70
2024.12.09 01.29,01.29,70
2024.12.09 01.29,01.29,60
2024.12.09 01.29,01.29,60
2024.12.09 01.29,01.29,60
2024.12.09 01.30,01.30,60
2024.12.09 01.30,01.30,65
2024.12.09 01.30,01.30,65
2024.12.09 01.30,01.30,65
2024.12.09 01.31,01.31,65
2024.12.09 01.31,01.31,59
2024.12.09 01.31,01.31,59
2024.12.09 01.31,01.31,59
2024.12.09 01.32,01.32,59
2024.12.09 01.32,01.32,62
2024.12.09 01.32,01.32,62
2024.12.09 01.32,01.32,62
2024.12.09 01.33,01.33,62
2024.12.09 01.33,01.33,62
2024.12.09 01.33,01.33,62
2024.12.09 01.33,01.33,62
2024.12.09 01.34,01.34,62
2024.12.09 01.34,01.34,65
2024.12.09 01.34,01.34,65
2024.12.09 01.34,01.34,65
2024.12.09 01.35,01.35,65
2024.12.09 01.35,01.35,55
2024.12.09 01.35,01.35,55
2024.12.09 01.35,01.35,55
2024.12.09 01.36,01.36,55
2024.12.09 01.36,01.36,56
2024.12.09 01.36,01.36,56
2024.12.09 01.36,01.36,56
2024.12.09 01.37,01.37,56
2024.12.09 01.37,01.37,54
2024.12.09 01.37,01.37,54
2024.12.09 01.37,01.37,54
2024.12.09 01.38,01.38,54
2024.12.09 01.38,01.38,54
2024.12.09 01.38,01.38,54
2024.12.09 01.38,01.38,54
2024.12.09 01.39,01.39,54
2024.12.09 01.39,01.39,56
2024.12.09 01.39,01.39,56
2024.12.09 01.39,01.39,56
2024.12.09 01.40,01.40,56
2024.12.09 01.40,01.40,53
2024.12.09 01.40,01.40,53
2024.12.09 01.40,01.40,53
2024.12.09 01.41,01.41,53
2024.12.09 01.41,01.41,52
2024.12.09 01.41,01.41,52
2024.12.09 01.41,01.41,52
2024.12.09 01.42,01.42,52
2024.12.09 01.42,01.42,53
2024.12.09 01.42,01.42,53
2024.12.09 01.42,01.42,53
2024.12.09 01.43,01.43,53
2024.12.09 01.43,01.43,55
2024.12.09 01.43,01.43,55
2024.12.09 01.43,01.43,55
2024.12.09 01.44,01.44,55
2024.12.09 01.44,01.44,53
2024.12.09 01.44,01.44,53
2024.12.09 01.44,01.44,53
2024.12.09 01.45,01.45,53
2024.12.09 01.45,01.45,54
2024.12.09 01.45,01.45,54
2024.12.09 01.45,01.45,54
2024.12.09 01.46,01.46,54
2024.12.09 01.46,01.46,56
2024.12.09 01.46,01.46,56
2024.12.09 01.46,01.46,56
2024.12.09 01.47,01.47,56
2024.12.09 01.47,01.47,55
2024.12.09 01.47,01.47,55
2024.12.09 01.47,01.47,55
2024.12.09 01.48,01.48,55
2024.12.09 01.48,01.48,54
2024.12.09 01.48,01.48,54
2024.12.09 01.48,01.48,54
2024.12.09 01.49,01.49,54
2024.12.09 01.49,01.49,62
2024.12.09 01.49,01.49,62
2024.12.09 01.49,01.49,62
2024.12.09 01.50,01.50,62
2024.12.09 01.50,01.50,59
2024.12.09 01.50,01.50,59
2024.12.09 01.50,01.50,59
2024.12.09 01.51,01.51,59
2024.12.09 01.51,01.51,56
2024.12.09 01.51,01.51,56
2024.12.09 01.51,01.51,56
2024.12.09 01.52,01.52,56
2024.12.09 01.52,01.52,54
2024.12.09 01.52,01.52,54
2024.12.09 01.52,01.52,54
2024.12.09 01.53,01.53,54
2024.12.09 01.53,01.53,53
2024.12.09 01.53,01.53,53
2024.12.09 01.53,01.53,53
2024.12.09 01.54,01.54,53
2024.12.09 01.54,01.54,54
2024.12.09 01.54,01.54,54
2024.12.09 01.54,01.54,54
2024.12.09 01.55,01.55,54
2024.12.09 01.55,01.55,54
2024.12.09 01.55,01.55,54
2024.12.09 01.55,01.55,54
2024.12.09 01.56,01.56,54
2024.12.09 01.56,01.56,55
2024.12.09 01.56,01.56,55
2024.12.09 01.56,01.56,55
2024.12.09 01.57,01.57,55
2024.12.09 01.57,01.57,55
2024.12.09 01.57,01.57,55
2024.12.09 01.57,01.57,55
2024.12.09 01.58,01.58,55
2024.12.09 01.58,01.58,57
2024.12.09 01.58,01.58,57
2024.12.09 01.58,01.58,57
2024.12.09 01.59,01.59,57
2024.12.09 01.59,01.59,56
2024.12.09 01.59,01.59,56
2024.12.09 01.59,01.59,56
2024.12.09 02.00,02.00,56
2024.12.09 02.00,02.00,70
2024.12.09 02.00,02.00,70
2024.12.09 02.00,02.00,70
2024.12.09 02.01,02.01,70
2024.12.09 02.01,02.01,53
2024.12.09 02.01,02.01,53
2024.12.09 02.01,02.01,53
2024.12.09 02.02,02.02,53
2024.12.09 02.02,02.02,62
2024.12.09 02.02,02.02,62
2024.12.09 02.02,02.02,62
2024.12.09 02.03,02.03,62
2024.12.09 02.03,02.03,56
2024.12.09 02.03,02.03,56
2024.12.09 02.03,02.03,56
2024.12.09 02.04,02.04,56
2024.12.09 02.04,02.04,55
2024.12.09 02.04,02.04,55
2024.12.09 02.04,02.04,55
2024.12.09 02.05,02.05,55
2024.12.09 02.05,02.05,52
2024.12.09 02.05,02.05,52
2024.12.09 02.05,02.05,52
2024.12.09 02.06,02.06,52
2024.12.09 02.06,02.06,54
2024.12.09 02.06,02.06,54
2024.12.09 02.06,02.06,54
2024.12.09 02.07,02.07,54
2024.12.09 02.07,02.07,53
2024.12.09 02.07,02.07,53
2024.12.09 02.07,02.07,53
2024.12.09 02.08,02.08,53
2024.12.09 02.08,02.08,54
2024.12.09 02.08,02.08,54
2024.12.09 02.08,02.08,54
2024.12.09 02.09,02.09,54
2024.12.09 02.09,02.09,54
2024.12.09 02.09,02.09,54
2024.12.09 02.09,02.09,54
2024.12.09 02.10,02.10,54
2024.12.09 02.10,02.10,53
2024.12.09 02.10,02.10,53
2024.12.09 02.10,02.10,53
2024.12.09 02.11,02.11,53
2024.12.09 02.11,02.11,53
2024.12.09 02.11,02.11,53
2024.12.09 02.11,02.11,53
2024.12.09 02.12,02.12,53
2024.12.09 02.12,02.12,54
2024.12.09 02.12,02.12,54
2024.12.09 02.12,02.12,54
2024.12.09 02.13,02.13,54
2024.12.09 02.13,02.13,54
2024.12.09 02.13,02.13,54
2024.12.09 02.13,02.13,54
2024.12.09 02.14,02.14,54
2024.12.09 02.14,02.14,53
2024.12.09 02.14,02.14,53
2024.12.09 02.14,02.14,53
2024.12.09 02.15,02.15,53
2024.12.09 02.15,02.15,62
2024.12.09 02.15,02.15,62
2024.12.09 02.15,02.15,62
2024.12.09 02.16,02.16,62
2024.12.09 02.16,02.16,54
2024.12.09 02.16,02.16,54
2024.12.09 02.16,02.16,54
2024.12.09 02.17,02.17,54
2024.12.09 02.17,02.17,52
2024.12.09 02.17,02.17,52
2024.12.09 02.17,02.17,52
2024.12.09 02.18,02.18,52
2024.12.09 02.18,02.18,53
2024.12.09 02.18,02.18,53
2024.12.09 02.18,02.18,53
2024.12.09 02.19,02.19,53
2024.12.09 02.19,02.19,53
2024.12.09 02.19,02.19,53
2024.12.09 02.19,02.19,53
2024.12.09 02.20,02.20,53
2024.12.09 02.20,02.20,52
2024.12.09 02.20,02.20,52
2024.12.09 02.20,02.20,52
2024.12.09 02.21,02.21,52
2024.12.09 02.21,02.21,63
2024.12.09 02.21,02.21,63
2024.12.09 02.21,02.21,63
2024.12.09 02.22,02.22,63
2024.12.09 02.22,02.22,53
2024.12.09 02.22,02.22,53
2024.12.09 02.22,02.22,53
2024.12.09 02.23,02.23,53
2024.12.09 02.23,02.23,60
2024.12.09 02.23,02.23,60
2024.12.09 02.23,02.23,60
2024.12.09 02.24,02.24,60
2024.12.09 02.24,02.24,55
2024.12.09 02.24,02.24,55
2024.12.09 02.24,02.24,55
2024.12.09 02.25,02.25,55
2024.12.09 02.25,02.25,60
2024.12.09 02.25,02.25,60
2024.12.09 02.25,02.25,60
2024.12.09 02.26,02.26,60
2024.12.09 02.26,02.26,55
2024.12.09 02.26,02.26,55
2024.12.09 02.26,02.26,55
2024.12.09 02.27,02.27,55
2024.12.09 02.27,02.27,52
2024.12.09 02.27,02.27,52
2024.12.09 02.27,02.27,52
2024.12.09 02.28,02.28,52
2024.12.09 02.28,02.28,53
2024.12.09 02.28,02.28,53
2024.12.09 02.28,02.28,53
2024.12.09 02.29,02.29,53
2024.12.09 02.29,02.29,53
2024.12.09 02.29,02.29,53
2024.12.09 02.29,02.29,53
2024.12.09 02.30,02.30,53
2024.12.09 02.30,02.30,57
2024.12.09 02.30,02.30,57
2024.12.09 02.30,02.30,57
2024.12.09 02.31,02.31,57
2024.12.09 02.31,02.31,53
2024.12.09 02.31,02.31,53
2024.12.09 02.31,02.31,53
2024.12.09 02.32,02.32,53
2024.12.09 02.32,02.32,53
2024.12.09 02.32,02.32,53
2024.12.09 02.32,02.32,53
2024.12.09 02.33,02.33,53
2024.12.09 02.33,02.33,55
2024.12.09 02.33,02.33,55
2024.12.09 02.33,02.33,55
2024.12.09 02.34,02.34,55
2024.12.09 02.34,02.34,54
2024.12.09 02.34,02.34,54
2024.12.09 02.34,02.34,54
2024.12.09 02.35,02.35,54
2024.12.09 02.35,02.35,55
2024.12.09 02.35,02.35,55
2024.12.09 02.35,02.35,55
2024.12.09 02.36,02.36,55
2024.12.09 02.36,02.36,55
2024.12.09 02.36,02.36,55
2024.12.09 02.36,02.36,55
2024.12.09 02.37,02.37,55
2024.12.09 02.37,02.37,55
2024.12.09 02.37,02.37,55
2024.12.09 02.37,02.37,55
2024.12.09 02.38,02.38,55
2024.12.09 02.38,02.38,55
2024.12.09 02.38,02.38,55
2024.12.09 02.38,02.38,55
2024.12.09 02.39,02.39,55
2024.12.09 02.39,02.39,57
2024.12.09 02.39,02.39,57
2024.12.09 02.39,02.39,57
2024.12.09 02.40,02.40,57
2024.12.09 02.40,02.40,55
2024.12.09 02.40,02.40,55
2024.12.09 02.40,02.40,55
2024.12.09 02.41,02.41,55
2024.12.09 02.41,02.41,57
2024.12.09 02.41,02.41,57
2024.12.09 02.41,02.41,57
2024.12.09 02.42,02.42,57
2024.12.09 02.42,02.42,58
2024.12.09 02.42,02.42,58
2024.12.09 02.42,02.42,58
2024.12.09 02.43,02.43,58
2024.12.09 02.43,02.43,58
2024.12.09 02.43,02.43,58
2024.12.09 02.43,02.43,58
2024.12.09 02.44,02.44,58
2024.12.09 02.44,02.44,57
2024.12.09 02.44,02.44,57
2024.12.09 02.44,02.44,57
2024.12.09 02.45,02.45,57
2024.12.09 02.45,02.45,55
2024.12.09 02.45,02.45,55
2024.12.09 02.45,02.45,55
2024.12.09 02.46,02.46,55
2024.12.09 02.46,02.46,56
2024.12.09 02.46,02.46,56
2024.12.09 02.46,02.46,56
2024.12.09 02.47,02.47,56
2024.12.09 02.47,02.47,57
2024.12.09 02.47,02.47,57
2024.12.09 02.47,02.47,57
2024.12.09 02.48,02.48,57
2024.12.09 02.48,02.48,57
2024.12.09 02.48,02.48,57
2024.12.09 02.48,02.48,57
2024.12.09 02.49,02.49,57
2024.12.09 02.49,02.49,57
2024.12.09 02.49,02.49,57
2024.12.09 02.49,02.49,57
2024.12.09 02.50,02.50,57
2024.12.09 02.50,02.50,57
2024.12.09 02.50,02.50,57
2024.12.09 02.50,02.50,57
2024.12.09 02.51,02.51,57
2024.12.09 02.51,02.51,58
2024.12.09 02.51,02.51,58
2024.12.09 02.51,02.51,58
2024.12.09 02.52,02.52,58
2024.12.09 02.52,02.52,58
2024.12.09 02.52,02.52,58
2024.12.09 02.52,02.52,58
2024.12.09 02.53,02.53,58
2024.12.09 02.53,02.53,57
2024.12.09 02.53,02.53,57
2024.12.09 02.53,02.53,57
2024.12.09 02.54,02.54,57
2024.12.09 02.54,02.54,58
2024.12.09 02.54,02.54,58
2024.12.09 02.54,02.54,58
2024.12.09 02.55,02.55,58
2024.12.09 02.55,02.55,58
2024.12.09 02.55,02.55,58
2024.12.09 02.55,02.55,58
2024.12.09 02.56,02.56,58
2024.12.09 02.56,02.56,57
2024.12.09 02.56,02.56,57
2024.12.09 02.56,02.56,57
2024.12.09 02.57,02.57,57
2024.12.09 02.57,02.57,68
2024.12.09 02.57,02.57,68
2024.12.09 02.57,02.57,68
2024.12.09 02.58,02.58,68
2024.12.09 02.58,02.58,54
2024.12.09 02.58,02.58,54
2024.12.09 02.58,02.58,54
2024.12.09 02.59,02.59,54
2024.12.09 02.59,02.59,56
2024.12.09 02.59,02.59,56
2024.12.09 02.59,02.59,56
2024.12.09 03.00,03.00,56
2024.12.09 03.00,03.00,51
2024.12.09 03.00,03.00,51
2024.12.09 03.00,03.00,51
2024.12.09 03.01,03.01,51
2024.12.09 03.01,03.01,53
2024.12.09 03.01,03.01,53
2024.12.09 03.01,03.01,53
2024.12.09 03.02,03.02,53
2024.12.09 03.02,03.02,61
2024.12.09 03.02,03.02,61
2024.12.09 03.02,03.02,61
2024.12.09 03.03,03.03,61
2024.12.09 03.03,03.03,52
2024.12.09 03.03,03.03,52
2024.12.09 03.03,03.03,52
2024.12.09 03.04,03.04,52
2024.12.09 03.04,03.04,52
2024.12.09 03.04,03.04,52
2024.12.09 03.04,03.04,52
2024.12.09 03.05,03.05,52
2024.12.09 03.05,03.05,52
2024.12.09 03.05,03.05,52
2024.12.09 03.05,03.05,52
2024.12.09 03.06,03.06,52
2024.12.09 03.06,03.06,54
2024.12.09 03.06,03.06,54
2024.12.09 03.06,03.06,54
2024.12.09 03.07,03.07,54
2024.12.09 03.07,03.07,54
2024.12.09 03.07,03.07,54
2024.12.09 03.07,03.07,54
2024.12.09 03.08,03.08,54
2024.12.09 03.08,03.08,53
2024.12.09 03.08,03.08,53
2024.12.09 03.08,03.08,53
2024.12.09 03.09,03.09,53
2024.12.09 03.09,03.09,56
2024.12.09 03.09,03.09,56
2024.12.09 03.09,03.09,56
2024.12.09 03.10,03.10,56
2024.12.09 03.10,03.10,51
2024.12.09 03.10,03.10,51
2024.12.09 03.10,03.10,51
2024.12.09 03.11,03.11,51
2024.12.09 03.11,03.11,53
2024.12.09 03.11,03.11,53
2024.12.09 03.11,03.11,53
2024.12.09 03.12,03.12,53
2024.12.09 03.12,03.12,59
2024.12.09 03.12,03.12,59
2024.12.09 03.12,03.12,59
2024.12.09 03.13,03.13,59
2024.12.09 03.13,03.13,59
2024.12.09 03.13,03.13,59
2024.12.09 03.13,03.13,59
2024.12.09 03.14,03.14,59
2024.12.09 03.14,03.14,54
2024.12.09 03.14,03.14,54
2024.12.09 03.14,03.14,54
2024.12.09 03.15,03.15,54
2024.12.09 03.15,03.15,52
2024.12.09 03.15,03.15,52
2024.12.09 03.15,03.15,52
2024.12.09 03.16,03.16,52
2024.12.09 03.16,03.16,52
2024.12.09 03.16,03.16,52
2024.12.09 03.16,03.16,52
2024.12.09 03.17,03.17,52
2024.12.09 03.17,03.17,52
2024.12.09 03.17,03.17,52
2024.12.09 03.17,03.17,52
2024.12.09 03.18,03.18,52
2024.12.09 03.18,03.18,53
2024.12.09 03.18,03.18,53
2024.12.09 03.18,03.18,53
2024.12.09 03.19,03.19,53
2024.12.09 03.19,03.19,53
2024.12.09 03.19,03.19,53
2024.12.09 03.19,03.19,53
2024.12.09 03.20,03.20,53
2024.12.09 03.20,03.20,52
2024.12.09 03.20,03.20,52
2024.12.09 03.20,03.20,52
2024.12.09 03.21,03.21,52
2024.12.09 03.21,03.21,53
2024.12.09 03.21,03.21,53
2024.12.09 03.21,03.21,53
2024.12.09 03.22,03.22,53
2024.12.09 03.22,03.22,54
2024.12.09 03.22,03.22,54
2024.12.09 03.22,03.22,54
2024.12.09 03.23,03.23,54
2024.12.09 03.23,03.23,55
2024.12.09 03.23,03.23,55
2024.12.09 03.23,03.23,55
2024.12.09 03.24,03.24,55
2024.12.09 03.24,03.24,55
2024.12.09 03.24,03.24,55
2024.12.09 03.24,03.24,55
2024.12.09 03.25,03.25,55
2024.12.09 03.25,03.25,55
2024.12.09 03.25,03.25,55
2024.12.09 03.25,03.25,55
2024.12.09 03.26,03.26,55
2024.12.09 03.26,03.26,55
2024.12.09 03.26,03.26,55
2024.12.09 03.26,03.26,55
2024.12.09 03.27,03.27,55
2024.12.09 03.27,03.27,56
2024.12.09 03.27,03.27,56
2024.12.09 03.27,03.27,56
2024.12.09 03.28,03.28,56
2024.12.09 03.28,03.28,64
2024.12.09 03.28,03.28,64
2024.12.09 03.28,03.28,64
2024.12.09 03.29,03.29,64
2024.12.09 03.29,03.29,54
2024.12.09 03.29,03.29,54
2024.12.09 03.29,03.29,54
2024.12.09 03.30,03.30,54
2024.12.09 03.30,03.30,52
2024.12.09 03.30,03.30,52
2024.12.09 03.30,03.30,52
2024.12.09 03.31,03.31,52
2024.12.09 03.31,03.31,51
2024.12.09 03.31,03.31,51
2024.12.09 03.31,03.31,51
2024.12.09 03.32,03.32,51
2024.12.09 03.32,03.32,53
2024.12.09 03.32,03.32,53
2024.12.09 03.32,03.32,53
2024.12.09 03.33,03.33,53
2024.12.09 03.33,03.33,55
2024.12.09 03.33,03.33,55
2024.12.09 03.33,03.33,55
2024.12.09 03.34,03.34,55
2024.12.09 03.34,03.34,52
2024.12.09 03.34,03.34,52
2024.12.09 03.34,03.34,52
2024.12.09 03.35,03.35,52
2024.12.09 03.35,03.35,53
2024.12.09 03.35,03.35,53
2024.12.09 03.35,03.35,53
2024.12.09 03.36,03.36,53
2024.12.09 03.36,03.36,52
2024.12.09 03.36,03.36,52
2024.12.09 03.36,03.36,52
2024.12.09 03.37,03.37,52
2024.12.09 03.37,03.37,52
2024.12.09 03.37,03.37,52
2024.12.09 03.37,03.37,52
2024.12.09 03.38,03.38,52
2024.12.09 03.38,03.38,63
2024.12.09 03.38,03.38,63
2024.12.09 03.38,03.38,63
2024.12.09 03.39,03.39,63
2024.12.09 03.39,03.39,49
2024.12.09 03.39,03.39,49
2024.12.09 03.39,03.39,49
2024.12.09 03.40,03.40,49
2024.12.09 03.40,03.40,51
2024.12.09 03.40,03.40,51
2024.12.09 03.40,03.40,51
2024.12.09 03.41,03.41,51
2024.12.09 03.41,03.41,52
2024.12.09 03.41,03.41,52
2024.12.09 03.41,03.41,52
2024.12.09 03.42,03.42,52
2024.12.09 03.42,03.42,66
2024.12.09 03.42,03.42,66
2024.12.09 03.42,03.42,66
2024.12.09 03.43,03.43,66
2024.12.09 03.43,03.43,50
2024.12.09 03.43,03.43,50
2024.12.09 03.43,03.43,50
2024.12.09 03.44,03.44,50
2024.12.09 03.44,03.44,56
2024.12.09 03.44,03.44,56
2024.12.09 03.44,03.44,56
2024.12.09 03.45,03.45,56
2024.12.09 03.45,03.45,59
2024.12.09 03.45,03.45,59
2024.12.09 03.45,03.45,59
2024.12.09 03.46,03.46,59
2024.12.09 03.46,03.46,60
2024.12.09 03.46,03.46,60
2024.12.09 03.46,03.46,60
2024.12.09 03.47,03.47,60
2024.12.09 03.47,03.47,61
2024.12.09 03.47,03.47,61
2024.12.09 03.47,03.47,61
2024.12.09 03.48,03.48,61
2024.12.09 03.48,03.48,58
2024.12.09 03.48,03.48,58
2024.12.09 03.48,03.48,58
2024.12.09 03.49,03.49,58
2024.12.09 03.49,03.49,62
2024.12.09 03.49,03.49,62
2024.12.09 03.49,03.49,62
2024.12.09 03.50,03.50,62
2024.12.09 03.50,03.50,62
2024.12.09 03.50,03.50,62
2024.12.09 03.50,03.50,62
2024.12.09 03.51,03.51,62
2024.12.09 03.51,03.51,59
2024.12.09 03.51,03.51,59
2024.12.09 03.51,03.51,59
2024.12.09 03.52,03.52,59
2024.12.09 03.52,03.52,59
2024.12.09 03.52,03.52,59
2024.12.09 03.52,03.52,59
2024.12.09 03.53,03.53,59
2024.12.09 03.53,03.53,56
2024.12.09 03.53,03.53,56
2024.12.09 03.53,03.53,56
2024.12.09 03.54,03.54,56
2024.12.09 03.54,03.54,59
2024.12.09 03.54,03.54,59
2024.12.09 03.54,03.54,59
2024.12.09 03.55,03.55,59
2024.12.09 03.55,03.55,60
2024.12.09 03.55,03.55,60
2024.12.09 03.55,03.55,60
2024.12.09 03.56,03.56,60
2024.12.09 03.56,03.56,59
2024.12.09 03.56,03.56,59
2024.12.09 03.56,03.56,59
2024.12.09 03.57,03.57,59
2024.12.09 03.57,03.57,53
2024.12.09 03.57,03.57,53
2024.12.09 03.57,03.57,53
2024.12.09 03.58,03.58,53
2024.12.09 03.58,03.58,59
2024.12.09 03.58,03.58,59
2024.12.09 03.58,03.58,59
2024.12.09 03.59,03.59,59
2024.12.09 03.59,03.59,58
2024.12.09 03.59,03.59,58
2024.12.09 03.59,03.59,58
2024.12.09 04.00,04.00,58
2024.12.09 04.00,04.00,55
2024.12.09 04.00,04.00,55
2024.12.09 04.00,04.00,55
2024.12.09 04.01,04.01,55
2024.12.09 04.01,04.01,54
2024.12.09 04.01,04.01,54
2024.12.09 04.01,04.01,54
2024.12.09 04.02,04.02,54
2024.12.09 04.02,04.02,53
2024.12.09 04.02,04.02,53
2024.12.09 04.02,04.02,53
2024.12.09 04.03,04.03,53
2024.12.09 04.03,04.03,55
2024.12.09 04.03,04.03,55
2024.12.09 04.03,04.03,55
2024.12.09 04.04,04.04,55
2024.12.09 04.04,04.04,65
2024.12.09 04.04,04.04,65
2024.12.09 04.04,04.04,65
2024.12.09 04.05,04.05,65
2024.12.09 04.05,04.05,60
2024.12.09 04.05,04.05,60
2024.12.09 04.05,04.05,60
2024.12.09 04.06,04.06,60
2024.12.09 04.06,04.06,56
2024.12.09 04.06,04.06,56
2024.12.09 04.06,04.06,56
2024.12.09 04.07,04.07,56
2024.12.09 04.07,04.07,54
2024.12.09 04.07,04.07,54
2024.12.09 04.07,04.07,54
2024.12.09 04.08,04.08,54
2024.12.09 04.08,04.08,68
2024.12.09 04.08,04.08,68
2024.12.09 04.08,04.08,68
2024.12.09 04.09,04.09,68
2024.12.09 04.09,04.09,51
2024.12.09 04.09,04.09,51
2024.12.09 04.09,04.09,51
2024.12.09 04.10,04.10,51
2024.12.09 04.10,04.10,55
2024.12.09 04.10,04.10,55
2024.12.09 04.10,04.10,55
2024.12.09 04.11,04.11,55
2024.12.09 04.11,04.11,59
2024.12.09 04.11,04.11,59
2024.12.09 04.11,04.11,59
2024.12.09 04.12,04.12,59
2024.12.09 04.12,04.12,56
2024.12.09 04.12,04.12,56
2024.12.09 04.12,04.12,56
2024.12.09 04.13,04.13,56
2024.12.09 04.13,04.13,56
2024.12.09 04.13,04.13,56
2024.12.09 04.13,04.13,56
2024.12.09 04.14,04.14,56
2024.12.09 04.14,04.14,57
2024.12.09 04.14,04.14,57
2024.12.09 04.14,04.14,57
2024.12.09 04.15,04.15,57
2024.12.09 04.15,04.15,59
2024.12.09 04.15,04.15,59
2024.12.09 04.15,04.15,59
2024.12.09 04.16,04.16,59
2024.12.09 04.16,04.16,55
2024.12.09 04.16,04.16,55
2024.12.09 04.16,04.16,55
2024.12.09 04.17,04.17,55
2024.12.09 04.17,04.17,59
2024.12.09 04.17,04.17,59
2024.12.09 04.17,04.17,59
2024.12.09 04.18,04.18,59
2024.12.09 04.18,04.18,60
2024.12.09 04.18,04.18,60
2024.12.09 04.18,04.18,60
2024.12.09 04.19,04.19,60
2024.12.09 04.19,04.19,55
2024.12.09 04.19,04.19,55
2024.12.09 04.19,04.19,55
2024.12.09 04.20,04.20,55
2024.12.09 04.20,04.20,54
2024.12.09 04.20,04.20,54
2024.12.09 04.20,04.20,54
2024.12.09 04.21,04.21,54
2024.12.09 04.21,04.21,52
2024.12.09 04.21,04.21,52
2024.12.09 04.21,04.21,52
2024.12.09 04.22,04.22,52
2024.12.09 04.22,04.22,61
2024.12.09 04.22,04.22,61
2024.12.09 04.22,04.22,61
2024.12.09 04.23,04.23,61
2024.12.09 04.23,04.23,52
2024.12.09 04.23,04.23,52
2024.12.09 04.23,04.23,52
2024.12.09 04.24,04.24,52
2024.12.09 04.24,04.24,54
2024.12.09 04.24,04.24,54
2024.12.09 04.24,04.24,54
2024.12.09 04.25,04.25,54
2024.12.09 04.25,04.25,51
2024.12.09 04.25,04.25,51
2024.12.09 04.25,04.25,51
2024.12.09 04.26,04.26,51
2024.12.09 04.26,04.26,53
2024.12.09 04.26,04.26,53
2024.12.09 04.26,04.26,53
2024.12.09 04.27,04.27,53
2024.12.09 04.27,04.27,56
2024.12.09 04.27,04.27,56
2024.12.09 04.27,04.27,56
2024.12.09 04.28,04.28,56
2024.12.09 04.28,04.28,62
2024.12.09 04.28,04.28,62
2024.12.09 04.28,04.28,62
2024.12.09 04.29,04.29,62
2024.12.09 04.29,04.29,53
2024.12.09 04.29,04.29,53
2024.12.09 04.29,04.29,53
2024.12.09 04.30,04.30,53
2024.12.09 04.30,04.30,57
2024.12.09 04.30,04.30,57
2024.12.09 04.30,04.30,57
2024.12.09 04.31,04.31,57
2024.12.09 04.31,04.31,53
2024.12.09 04.31,04.31,53
2024.12.09 04.31,04.31,53
2024.12.09 04.32,04.32,53
2024.12.09 04.32,04.32,53
2024.12.09 04.32,04.32,53
2024.12.09 04.32,04.32,53
2024.12.09 04.33,04.33,53
2024.12.09 04.33,04.33,66
2024.12.09 04.33,04.33,66
2024.12.09 04.33,04.33,66
2024.12.09 04.34,04.34,66
2024.12.09 04.34,04.34,51
2024.12.09 04.34,04.34,51
2024.12.09 04.34,04.34,51
2024.12.09 04.35,04.35,51
2024.12.09 04.35,04.35,51
2024.12.09 04.35,04.35,51
2024.12.09 04.35,04.35,51
2024.12.09 04.36,04.36,51
2024.12.09 04.36,04.36,52
2024.12.09 04.36,04.36,52
2024.12.09 04.36,04.36,52
2024.12.09 04.37,04.37,52
2024.12.09 04.37,04.37,51
2024.12.09 04.37,04.37,51
2024.12.09 04.37,04.37,51
2024.12.09 04.38,04.38,51
2024.12.09 04.38,04.38,52
2024.12.09 04.38,04.38,52
2024.12.09 04.38,04.38,52
2024.12.09 04.39,04.39,52
2024.12.09 04.39,04.39,56
2024.12.09 04.39,04.39,56
2024.12.09 04.39,04.39,56
2024.12.09 04.40,04.40,56
2024.12.09 04.40,04.40,61
2024.12.09 04.40,04.40,61
2024.12.09 04.40,04.40,61
2024.12.09 04.41,04.41,61
2024.12.09 04.41,04.41,51
2024.12.09 04.41,04.41,51
2024.12.09 04.41,04.41,51
2024.12.09 04.42,04.42,51
2024.12.09 04.42,04.42,52
2024.12.09 04.42,04.42,52
2024.12.09 04.42,04.42,52
2024.12.09 04.43,04.43,52
2024.12.09 04.43,04.43,53
2024.12.09 04.43,04.43,53
2024.12.09 04.43,04.43,53
2024.12.09 04.44,04.44,53
2024.12.09 04.44,04.44,52
2024.12.09 04.44,04.44,52
2024.12.09 04.44,04.44,52
2024.12.09 04.45,04.45,52
2024.12.09 04.45,04.45,52
2024.12.09 04.45,04.45,52
2024.12.09 04.45,04.45,52
2024.12.09 04.46,04.46,52
2024.12.09 04.46,04.46,53
2024.12.09 04.46,04.46,53
2024.12.09 04.46,04.46,53
2024.12.09 04.47,04.47,53
2024.12.09 04.47,04.47,54
2024.12.09 04.47,04.47,54
2024.12.09 04.47,04.47,54
2024.12.09 04.48,04.48,54
2024.12.09 04.48,04.48,54
2024.12.09 04.48,04.48,54
2024.12.09 04.48,04.48,54
2024.12.09 04.49,04.49,54
2024.12.09 04.49,04.49,54
2024.12.09 04.49,04.49,54
2024.12.09 04.49,04.49,54
2024.12.09 04.50,04.50,54
2024.12.09 04.50,04.50,54
2024.12.09 04.50,04.50,54
2024.12.09 04.50,04.50,54
2024.12.09 04.51,04.51,54
2024.12.09 04.51,04.51,62
2024.12.09 04.51,04.51,62
2024.12.09 04.51,04.51,62
2024.12.09 04.52,04.52,62
2024.12.09 04.52,04.52,49
2024.12.09 04.52,04.52,49
2024.12.09 04.52,04.52,49
2024.12.09 04.53,04.53,49
2024.12.09 04.53,04.53,50
2024.12.09 04.53,04.53,50
2024.12.09 04.53,04.53,50
2024.12.09 04.54,04.54,50
2024.12.09 04.54,04.54,53
2024.12.09 04.54,04.54,53
2024.12.09 04.54,04.54,53
2024.12.09 04.55,04.55,53
2024.12.09 04.55,04.55,49
2024.12.09 04.55,04.55,49
2024.12.09 04.55,04.55,49
2024.12.09 04.56,04.56,49
2024.12.09 04.56,04.56,51
2024.12.09 04.56,04.56,51
2024.12.09 04.56,04.56,51
2024.12.09 04.57,04.57,51
2024.12.09 04.57,04.57,52
2024.12.09 04.57,04.57,52
2024.12.09 04.57,04.57,52
2024.12.09 04.58,04.58,52
2024.12.09 04.58,04.58,53
2024.12.09 04.58,04.58,53
2024.12.09 04.58,04.58,53
2024.12.09 04.59,04.59,53
2024.12.09 04.59,04.59,54
2024.12.09 04.59,04.59,54
2024.12.09 04.59,04.59,54
2024.12.09 05.00,05.00,54
2024.12.09 05.00,05.00,54
2024.12.09 05.00,05.00,54
2024.12.09 05.00,05.00,54
2024.12.09 05.01,05.01,54
2024.12.09 05.01,05.01,54
2024.12.09 05.01,05.01,54
2024.12.09 05.01,05.01,54
2024.12.09 05.02,05.02,54
2024.12.09 05.02,05.02,54
2024.12.09 05.02,05.02,54
2024.12.09 05.02,05.02,54
2024.12.09 05.03,05.03,54
2024.12.09 05.03,05.03,53
2024.12.09 05.03,05.03,53
2024.12.09 05.03,05.03,53
2024.12.09 05.04,05.04,53
2024.12.09 05.04,05.04,55
2024.12.09 05.04,05.04,55
2024.12.09 05.04,05.04,55
2024.12.09 05.05,05.05,55
2024.12.09 05.05,05.05,55
2024.12.09 05.05,05.05,55
2024.12.09 05.05,05.05,55
2024.12.09 05.06,05.06,55
2024.12.09 05.06,05.06,55
2024.12.09 05.06,05.06,55
2024.12.09 05.06,05.06,55
2024.12.09 05.07,05.07,55
2024.12.09 05.07,05.07,56
2024.12.09 05.07,05.07,56
2024.12.09 05.07,05.07,56
2024.12.09 05.08,05.08,56
2024.12.09 05.08,05.08,55
2024.12.09 05.08,05.08,55
2024.12.09 05.08,05.08,55
2024.12.09 05.09,05.09,55
2024.12.09 05.09,05.09,56
2024.12.09 05.09,05.09,56
2024.12.09 05.09,05.09,56
2024.12.09 05.10,05.10,56
2024.12.09 05.10,05.10,56
2024.12.09 05.10,05.10,56
2024.12.09 05.10,05.10,56
2024.12.09 05.11,05.11,56
2024.12.09 05.11,05.11,56
2024.12.09 05.11,05.11,56
2024.12.09 05.11,05.11,56
2024.12.09 05.12,05.12,56
2024.12.09 05.12,05.12,56
2024.12.09 05.12,05.12,56
2024.12.09 05.12,05.12,56
2024.12.09 05.13,05.13,56
2024.12.09 05.13,05.13,57
2024.12.09 05.13,05.13,57
2024.12.09 05.13,05.13,57
2024.12.09 05.14,05.14,57
2024.12.09 05.14,05.14,56
2024.12.09 05.14,05.14,56
2024.12.09 05.14,05.14,56
2024.12.09 05.15,05.15,56
2024.12.09 05.15,05.15,57
2024.12.09 05.15,05.15,57
2024.12.09 05.15,05.15,57
2024.12.09 05.16,05.16,57
2024.12.09 05.16,05.16,57
2024.12.09 05.16,05.16,57
2024.12.09 05.16,05.16,57
2024.12.09 05.17,05.17,57
2024.12.09 05.17,05.17,56
2024.12.09 05.17,05.17,56
2024.12.09 05.17,05.17,56
2024.12.09 05.18,05.18,56
2024.12.09 05.18,05.18,57
2024.12.09 05.18,05.18,57
2024.12.09 05.18,05.18,57
2024.12.09 05.19,05.19,57
2024.12.09 05.19,05.19,57
2024.12.09 05.19,05.19,57
2024.12.09 05.19,05.19,57
2024.12.09 05.20,05.20,57
2024.12.09 05.20,05.20,55
2024.12.09 05.20,05.20,55
2024.12.09 05.20,05.20,55
2024.12.09 05.21,05.21,55
2024.12.09 05.21,05.21,61
2024.12.09 05.21,05.21,61
2024.12.09 05.21,05.21,61
2024.12.09 05.22,05.22,61
2024.12.09 05.22,05.22,65
2024.12.09 05.22,05.22,65
2024.12.09 05.22,05.22,65
2024.12.09 05.23,05.23,65
2024.12.09 05.23,05.23,70
2024.12.09 05.23,05.23,70
2024.12.09 05.23,05.23,70
2024.12.09 05.24,05.24,70
2024.12.09 05.24,05.24,72
2024.12.09 05.24,05.24,72
2024.12.09 05.24,05.24,72
2024.12.09 05.25,05.25,72
2024.12.09 05.25,05.25,66
2024.12.09 05.25,05.25,66
2024.12.09 05.25,05.25,66
2024.12.09 05.26,05.26,66
2024.12.09 05.26,05.26,70
2024.12.09 05.26,05.26,70
2024.12.09 05.26,05.26,70
2024.12.09 05.27,05.27,70
2024.12.09 05.27,05.27,82
2024.12.09 05.27,05.27,82
2024.12.09 05.27,05.27,82
2024.12.09 05.28,05.28,82
2024.12.09 05.28,05.28,82
2024.12.09 05.28,05.28,82
2024.12.09 05.28,05.28,82
2024.12.09 05.29,05.29,82
2024.12.09 05.29,05.29,76
2024.12.09 05.29,05.29,76
2024.12.09 05.29,05.29,76
2024.12.09 05.30,05.30,76
2024.12.09 05.30,05.30,86
2024.12.09 05.30,05.30,86
2024.12.09 05.30,05.30,86
2024.12.09 05.31,05.31,86
2024.12.09 05.31,05.31,80
2024.12.09 05.31,05.31,80
2024.12.09 05.31,05.31,80
2024.12.09 05.32,05.32,80
2024.12.09 05.32,05.32,70
2024.12.09 05.32,05.32,70
2024.12.09 05.32,05.32,70
2024.12.09 05.33,05.33,70
2024.12.09 05.33,05.33,83
2024.12.09 05.33,05.33,83
2024.12.09 05.33,05.33,83
2024.12.09 05.34,05.34,83
2024.12.09 05.34,05.34,82
2024.12.09 05.34,05.34,82
2024.12.09 05.34,05.34,82
2024.12.09 05.35,05.35,82
2024.12.09 05.35,05.35,82
2024.12.09 05.35,05.35,82
2024.12.09 05.35,05.35,82
2024.12.09 05.36,05.36,82
2024.12.09 05.36,05.36,84
2024.12.09 05.36,05.36,84
2024.12.09 05.36,05.36,84
2024.12.09 05.37,05.37,84
2024.12.09 05.37,05.37,78
2024.12.09 05.37,05.37,78
2024.12.09 05.37,05.37,78
2024.12.09 05.38,05.38,78
2024.12.09 05.38,05.38,77
2024.12.09 05.38,05.38,77
2024.12.09 05.38,05.38,77
2024.12.09 05.39,05.39,77
2024.12.09 05.39,05.39,81
2024.12.09 05.39,05.39,81
2024.12.09 05.39,05.39,81
2024.12.09 05.40,05.40,81
2024.12.09 05.40,05.40,77
2024.12.09 05.40,05.40,77
2024.12.09 05.40,05.40,77
2024.12.09 05.41,05.41,77
2024.12.09 05.41,05.41,72
2024.12.09 05.41,05.41,72
2024.12.09 05.41,05.41,72
2024.12.09 05.42,05.42,72
2024.12.09 05.42,05.42,75
2024.12.09 05.42,05.42,75
2024.12.09 05.42,05.42,75
2024.12.09 05.43,05.43,75
2024.12.09 05.43,05.43,78
2024.12.09 05.43,05.43,78
2024.12.09 05.43,05.43,78
2024.12.09 05.44,05.44,78
2024.12.09 05.44,05.44,73
2024.12.09 05.44,05.44,73
2024.12.09 05.44,05.44,73
2024.12.09 05.45,05.45,73
2024.12.09 05.45,05.45,69
2024.12.09 05.45,05.45,69
2024.12.09 05.45,05.45,69
2024.12.09 05.46,05.46,69
2024.12.09 05.46,05.46,70
2024.12.09 05.46,05.46,70
2024.12.09 05.46,05.46,70
2024.12.09 05.47,05.47,70
2024.12.09 05.47,05.47,80
2024.12.09 05.47,05.47,80
2024.12.09 05.47,05.47,80
2024.12.09 05.48,05.48,80
2024.12.09 05.48,05.48,78
2024.12.09 05.48,05.48,78
2024.12.09 05.48,05.48,78
2024.12.09 05.49,05.49,78
2024.12.09 05.49,05.49,72
2024.12.09 05.49,05.49,72
2024.12.09 05.49,05.49,72
2024.12.09 05.50,05.50,72
2024.12.09 05.50,05.50,83
2024.12.09 05.50,05.50,83
2024.12.09 05.50,05.50,83
2024.12.09 05.51,05.51,83
2024.12.09 05.51,05.51,83
2024.12.09 05.51,05.51,83
2024.12.09 05.51,05.51,83
2024.12.09 05.52,05.52,83
2024.12.09 05.52,05.52,83
2024.12.09 05.52,05.52,83
2024.12.09 05.52,05.52,83
2024.12.09 05.53,05.53,83
2024.12.09 05.53,05.53,73
2024.12.09 05.53,05.53,73
2024.12.09 05.53,05.53,73
2024.12.09 05.54,05.54,73
2024.12.09 05.54,05.54,79
2024.12.09 05.54,05.54,79
2024.12.09 05.54,05.54,79
2024.12.09 05.55,05.55,79
2024.12.09 05.55,05.55,77
2024.12.09 05.55,05.55,77
2024.12.09 05.55,05.55,77
2024.12.09 05.56,05.56,77
2024.12.09 05.56,05.56,77
2024.12.09 05.56,05.56,77
2024.12.09 05.56,05.56,77
2024.12.09 05.57,05.57,77
2024.12.09 05.57,05.57,79
2024.12.09 05.57,05.57,79
2024.12.09 05.57,05.57,79
2024.12.09 05.58,05.58,79
2024.12.09 05.58,05.58,76
2024.12.09 05.58,05.58,76
2024.12.09 05.58,05.58,76
2024.12.09 05.59,05.59,76
2024.12.09 05.59,05.59,77
2024.12.09 05.59,05.59,77
2024.12.09 05.59,05.59,77
2024.12.09 06.00,06.00,77
2024.12.09 06.00,06.00,78
2024.12.09 06.00,06.00,78
2024.12.09 06.00,06.00,78
2024.12.09 06.01,06.01,78
2024.12.09 06.01,06.01,80
2024.12.09 06.01,06.01,80
2024.12.09 06.01,06.01,80
2024.12.09 06.02,06.02,80
2024.12.09 06.02,06.02,78
2024.12.09 06.02,06.02,78
2024.12.09 06.02,06.02,78
2024.12.09 06.03,06.03,78
2024.12.09 06.03,06.03,88
2024.12.09 06.03,06.03,88
2024.12.09 06.03,06.03,88
2024.12.09 06.04,06.04,88
2024.12.09 06.04,06.04,78
2024.12.09 06.04,06.04,78
2024.12.09 06.04,06.04,78
2024.12.09 06.05,06.05,78
2024.12.09 06.05,06.05,81
2024.12.09 06.05,06.05,81
2024.12.09 06.05,06.05,81
2024.12.09 06.06,06.06,81
2024.12.09 06.06,06.06,79
2024.12.09 06.06,06.06,79
2024.12.09 06.06,06.06,79
2024.12.09 06.07,06.07,79
2024.12.09 06.07,06.07,88
2024.12.09 06.07,06.07,88
2024.12.09 06.07,06.07,88
2024.12.09 06.08,06.08,88
2024.12.09 06.08,06.08,87
2024.12.09 06.08,06.08,87
2024.12.09 06.08,06.08,87
2024.12.09 06.09,06.09,87
2024.12.09 06.09,06.09,77
2024.12.09 06.09,06.09,77
2024.12.09 06.09,06.09,77
2024.12.09 06.10,06.10,77
2024.12.09 06.10,06.10,70
2024.12.09 06.10,06.10,70
2024.12.09 06.10,06.10,70
2024.12.09 06.11,06.11,70
2024.12.09 06.11,06.11,73
2024.12.09 06.11,06.11,73
2024.12.09 06.11,06.11,73
2024.12.09 06.12,06.12,73
2024.12.09 06.12,06.12,79
2024.12.09 06.12,06.12,79
2024.12.09 06.12,06.12,79
2024.12.09 06.13,06.13,79
2024.12.09 06.13,06.13,84
2024.12.09 06.13,06.13,84
2024.12.09 06.13,06.13,84
2024.12.09 06.14,06.14,84
2024.12.09 06.14,06.14,72
2024.12.09 06.14,06.14,72
2024.12.09 06.14,06.14,72
2024.12.09 06.15,06.15,72
2024.12.09 06.15,06.15,59
2024.12.09 06.15,06.15,59
2024.12.09 06.15,06.15,59
2024.12.09 06.16,06.16,59
2024.12.09 06.16,06.16,65
2024.12.09 06.16,06.16,65
2024.12.09 06.16,06.16,65
2024.12.09 06.17,06.17,65
2024.12.09 06.17,06.17,75
2024.12.09 06.17,06.17,75
2024.12.09 06.17,06.17,75
2024.12.09 06.18,06.18,75
2024.12.09 06.18,06.18,66
2024.12.09 06.18,06.18,66
2024.12.09 06.18,06.18,66
2024.12.09 06.19,06.19,66
2024.12.09 06.19,06.19,71
2024.12.09 06.19,06.19,71
2024.12.09 06.19,06.19,71
2024.12.09 06.20,06.20,71
2024.12.09 06.20,06.20,77
2024.12.09 06.20,06.20,77
2024.12.09 06.20,06.20,77
2024.12.09 06.21,06.21,77
2024.12.09 06.21,06.21,82
2024.12.09 06.21,06.21,82
2024.12.09 06.21,06.21,82
2024.12.09 06.22,06.22,82
2024.12.09 06.22,06.22,86
2024.12.09 06.22,06.22,86
2024.12.09 06.22,06.22,86
2024.12.09 06.23,06.23,86
2024.12.09 06.23,06.23,76
2024.12.09 06.23,06.23,76
2024.12.09 06.23,06.23,76
2024.12.09 06.24,06.24,76
2024.12.09 06.24,06.24,70
2024.12.09 06.24,06.24,70
2024.12.09 06.24,06.24,70
2024.12.09 06.25,06.25,70
2024.12.09 06.25,06.25,73
2024.12.09 06.25,06.25,73
2024.12.09 06.25,06.25,73
2024.12.09 06.26,06.26,73
2024.12.09 06.26,06.26,74
2024.12.09 06.26,06.26,74
2024.12.09 06.26,06.26,74
2024.12.09 06.27,06.27,74
2024.12.09 06.27,06.27,77
2024.12.09 06.27,06.27,77
2024.12.09 06.27,06.27,77
2024.12.09 06.28,06.28,77
2024.12.09 06.28,06.28,69
2024.12.09 06.28,06.28,69
2024.12.09 06.28,06.28,69
2024.12.09 06.29,06.29,69
2024.12.09 06.29,06.29,73
2024.12.09 06.29,06.29,73
2024.12.09 06.29,06.29,73
2024.12.09 06.30,06.30,73
2024.12.09 06.30,06.30,68
2024.12.09 06.30,06.30,68
2024.12.09 06.30,06.30,68
2024.12.09 06.31,06.31,68
2024.12.09 06.31,06.31,71
2024.12.09 06.31,06.31,71
2024.12.09 06.31,06.31,71
2024.12.09 06.32,06.32,71
2024.12.09 06.32,06.32,72
2024.12.09 06.32,06.32,72
2024.12.09 06.32,06.32,72
2024.12.09 06.33,06.33,72
2024.12.09 06.33,06.33,75
2024.12.09 06.33,06.33,75
2024.12.09 06.33,06.33,75
2024.12.09 06.34,06.34,75
2024.12.09 06.34,06.34,78
2024.12.09 06.34,06.34,78
2024.12.09 06.34,06.34,78
2024.12.09 06.35,06.35,78
2024.12.09 06.35,06.35,79
2024.12.09 06.35,06.35,79
2024.12.09 06.35,06.35,79
2024.12.09 06.36,06.36,79
2024.12.09 06.36,06.36,78
2024.12.09 06.36,06.36,78
2024.12.09 06.36,06.36,78
2024.12.09 06.37,06.37,78
2024.12.09 06.37,06.37,73
2024.12.09 06.37,06.37,73
2024.12.09 06.37,06.37,73
2024.12.09 06.38,06.38,73
2024.12.09 06.38,06.38,73
2024.12.09 06.38,06.38,73
2024.12.09 06.38,06.38,73
2024.12.09 06.39,06.39,73
2024.12.09 06.39,06.39,65
2024.12.09 06.39,06.39,65
2024.12.09 06.39,06.39,65
2024.12.09 06.40,06.40,65
2024.12.09 06.40,06.40,67
2024.12.09 06.40,06.40,67
2024.12.09 06.40,06.40,67
2024.12.09 06.41,06.41,67
2024.12.09 06.41,06.41,69
2024.12.09 06.41,06.41,69
2024.12.09 06.41,06.41,69
2024.12.09 06.42,06.42,69
2024.12.09 06.42,06.42,73
2024.12.09 06.42,06.42,73
2024.12.09 06.42,06.42,73
2024.12.09 06.43,06.43,73
2024.12.09 06.43,06.43,74
2024.12.09 06.43,06.43,74
2024.12.09 06.43,06.43,74
2024.12.09 06.44,06.44,74
2024.12.09 06.44,06.44,74
2024.12.09 06.44,06.44,74
2024.12.09 06.44,06.44,74
2024.12.09 06.45,06.45,74
2024.12.09 06.45,06.45,69
2024.12.09 06.45,06.45,69
2024.12.09 06.45,06.45,69
2024.12.09 06.46,06.46,69
2024.12.09 06.46,06.46,82
2024.12.09 06.46,06.46,82
2024.12.09 06.46,06.46,82
2024.12.09 06.47,06.47,82
2024.12.09 06.47,06.47,76
2024.12.09 06.47,06.47,76
2024.12.09 06.47,06.47,76
2024.12.09 06.48,06.48,76
2024.12.09 06.48,06.48,62
2024.12.09 06.48,06.48,62
2024.12.09 06.48,06.48,62
2024.12.09 06.49,06.49,62
2024.12.09 06.49,06.49,69
2024.12.09 06.49,06.49,69
2024.12.09 06.49,06.49,69
2024.12.09 06.50,06.50,69
2024.12.09 06.50,06.50,63
2024.12.09 06.50,06.50,63
2024.12.09 06.50,06.50,63
2024.12.09 06.51,06.51,63
2024.12.09 06.51,06.51,64
2024.12.09 06.51,06.51,64
2024.12.09 06.51,06.51,64
2024.12.09 06.52,06.52,64
2024.12.09 06.52,06.52,70
2024.12.09 06.52,06.52,70
2024.12.09 06.52,06.52,70
2024.12.09 06.53,06.53,70
2024.12.09 06.53,06.53,67
2024.12.09 06.53,06.53,67
2024.12.09 06.53,06.53,67
2024.12.09 06.54,06.54,67
2024.12.09 06.54,06.54,67
2024.12.09 06.54,06.54,67
2024.12.09 06.54,06.54,67
2024.12.09 06.55,06.55,67
2024.12.09 06.55,06.55,68
2024.12.09 06.55,06.55,68
2024.12.09 06.55,06.55,68
2024.12.09 06.56,06.56,68
2024.12.09 06.56,06.56,65
2024.12.09 06.56,06.56,65
2024.12.09 06.56,06.56,65
2024.12.09 06.57,06.57,65
2024.12.09 06.57,06.57,78
2024.12.09 06.57,06.57,78
2024.12.09 06.57,06.57,78
2024.12.09 06.58,06.58,78
2024.12.09 06.58,06.58,72
2024.12.09 06.58,06.58,72
2024.12.09 06.58,06.58,72
2024.12.09 06.59,06.59,72
2024.12.09 06.59,06.59,65
2024.12.09 06.59,06.59,65
2024.12.09 06.59,06.59,65
2024.12.09 07.00,07.00,65
2024.12.09 07.00,07.00,69
2024.12.09 07.00,07.00,69
2024.12.09 07.00,07.00,69
2024.12.09 07.01,07.01,69
2024.12.09 07.01,07.01,70
2024.12.09 07.01,07.01,70
2024.12.09 07.01,07.01,70
2024.12.09 07.02,07.02,70
2024.12.09 07.02,07.02,73
2024.12.09 07.02,07.02,73
2024.12.09 07.02,07.02,73
2024.12.09 07.03,07.03,73
2024.12.09 07.03,07.03,67
2024.12.09 07.03,07.03,67
2024.12.09 07.03,07.03,67
2024.12.09 07.04,07.04,67
2024.12.09 07.04,07.04,71
2024.12.09 07.04,07.04,71
2024.12.09 07.04,07.04,71
2024.12.09 07.05,07.05,71
2024.12.09 07.05,07.05,70
2024.12.09 07.05,07.05,70
2024.12.09 07.05,07.05,70
2024.12.09 07.06,07.06,70
2024.12.09 07.06,07.06,73
2024.12.09 07.06,07.06,73
2024.12.09 07.06,07.06,73
2024.12.09 07.07,07.07,73
2024.12.09 07.07,07.07,64
2024.12.09 07.07,07.07,64
2024.12.09 07.07,07.07,64
2024.12.09 07.08,07.08,64
2024.12.09 07.08,07.08,69
2024.12.09 07.08,07.08,69
2024.12.09 07.08,07.08,69
2024.12.09 07.09,07.09,69
2024.12.09 07.09,07.09,58
2024.12.09 07.09,07.09,58
2024.12.09 07.09,07.09,58
2024.12.09 07.10,07.10,58
2024.12.09 07.10,07.10,58
2024.12.09 07.10,07.10,58
2024.12.09 07.10,07.10,58
2024.12.09 07.11,07.11,58
2024.12.09 07.11,07.11,61
2024.12.09 07.11,07.11,61
2024.12.09 07.11,07.11,61
2024.12.09 07.12,07.12,61
2024.12.09 07.12,07.12,65
2024.12.09 07.12,07.12,65
2024.12.09 07.12,07.12,65
2024.12.09 07.13,07.13,65
2024.12.09 07.13,07.13,64
2024.12.09 07.13,07.13,64
2024.12.09 07.13,07.13,64
2024.12.09 07.14,07.14,64
2024.12.09 07.14,07.14,68
2024.12.09 07.14,07.14,68
2024.12.09 07.14,07.14,68
2024.12.09 07.15,07.15,68
2024.12.09 07.15,07.15,72
2024.12.09 07.15,07.15,72
2024.12.09 07.15,07.15,72
2024.12.09 07.16,07.16,72
2024.12.09 07.16,07.16,67
2024.12.09 07.16,07.16,67
2024.12.09 07.16,07.16,67
2024.12.09 07.17,07.17,67
2024.12.09 07.17,07.17,62
2024.12.09 07.17,07.17,62
2024.12.09 07.17,07.17,62
2024.12.09 07.18,07.18,62
2024.12.09 07.18,07.18,68
2024.12.09 07.18,07.18,68
2024.12.09 07.18,07.18,68
2024.12.09 07.19,07.19,68
2024.12.09 07.19,07.19,71
2024.12.09 07.19,07.19,71
2024.12.09 07.19,07.19,71
2024.12.09 07.20,07.20,71
2024.12.09 07.20,07.20,70
2024.12.09 07.20,07.20,70
2024.12.09 07.20,07.20,70
2024.12.09 07.21,07.21,70
2024.12.09 07.21,07.21,73
2024.12.09 07.21,07.21,73
2024.12.09 07.21,07.21,73
2024.12.09 07.22,07.22,73
2024.12.09 07.22,07.22,73
2024.12.09 07.22,07.22,73
2024.12.09 07.22,07.22,73
2024.12.09 07.23,07.23,73
2024.12.09 07.23,07.23,59
2024.12.09 07.23,07.23,59
2024.12.09 07.23,07.23,59
2024.12.09 07.24,07.24,59
2024.12.09 07.24,07.24,53
2024.12.09 07.24,07.24,53
2024.12.09 07.24,07.24,53
2024.12.09 07.25,07.25,53
2024.12.09 07.25,07.25,56
2024.12.09 07.25,07.25,56
2024.12.09 07.25,07.25,56
2024.12.09 07.26,07.26,56
2024.12.09 07.26,07.26,58
2024.12.09 07.26,07.26,58
2024.12.09 07.26,07.26,58
2024.12.09 07.27,07.27,58
2024.12.09 07.27,07.27,60
2024.12.09 07.27,07.27,60
2024.12.09 07.27,07.27,60
2024.12.09 07.28,07.28,60
2024.12.09 07.28,07.28,63
2024.12.09 07.28,07.28,63
2024.12.09 07.28,07.28,63
2024.12.09 07.29,07.29,63
2024.12.09 07.29,07.29,56
2024.12.09 07.29,07.29,56
2024.12.09 07.29,07.29,56
2024.12.09 07.30,07.30,56
2024.12.09 07.30,07.30,59
2024.12.09 07.30,07.30,59
2024.12.09 07.30,07.30,59
2024.12.09 07.31,07.31,59
2024.12.09 07.31,07.31,59
2024.12.09 07.31,07.31,59
2024.12.09 07.31,07.31,59
2024.12.09 07.32,07.32,59
2024.12.09 07.32,07.32,57
2024.12.09 07.32,07.32,57
2024.12.09 07.32,07.32,57
2024.12.09 07.33,07.33,57
2024.12.09 07.33,07.33,56
2024.12.09 07.33,07.33,56
2024.12.09 07.33,07.33,56
2024.12.09 07.34,07.34,56
2024.12.09 07.34,07.34,64
2024.12.09 07.34,07.34,64
2024.12.09 07.34,07.34,64
2024.12.09 07.35,07.35,64
2024.12.09 07.35,07.35,64
2024.12.09 07.35,07.35,64
2024.12.09 07.35,07.35,64
2024.12.09 07.36,07.36,64
2024.12.09 07.36,07.36,56
2024.12.09 07.36,07.36,56
2024.12.09 07.36,07.36,56
2024.12.09 07.37,07.37,56
2024.12.09 07.37,07.37,55
2024.12.09 07.37,07.37,55
2024.12.09 07.37,07.37,55
2024.12.09 07.38,07.38,55
2024.12.09 07.38,07.38,57
2024.12.09 07.38,07.38,57
2024.12.09 07.38,07.38,57
2024.12.09 07.39,07.39,57
2024.12.09 07.39,07.39,61
2024.12.09 07.39,07.39,61
2024.12.09 07.39,07.39,61
2024.12.09 07.40,07.40,61
2024.12.09 07.40,07.40,61
2024.12.09 07.40,07.40,61
2024.12.09 07.40,07.40,61
2024.12.09 07.41,07.41,61
2024.12.09 07.41,07.41,59
2024.12.09 07.41,07.41,59
2024.12.09 07.41,07.41,59
2024.12.09 07.42,07.42,59
2024.12.09 07.42,07.42,57
2024.12.09 07.42,07.42,57
2024.12.09 07.42,07.42,57
2024.12.09 07.43,07.43,57
2024.12.09 07.43,07.43,59
2024.12.09 07.43,07.43,59
2024.12.09 07.43,07.43,59
2024.12.09 07.44,07.44,59
2024.12.09 07.44,07.44,59
2024.12.09 07.44,07.44,59
2024.12.09 07.44,07.44,59
2024.12.09 07.45,07.45,59
2024.12.09 07.45,07.45,58
2024.12.09 07.45,07.45,58
2024.12.09 07.45,07.45,58
2024.12.09 07.46,07.46,58
2024.12.09 07.46,07.46,58
2024.12.09 07.46,07.46,58
2024.12.09 07.46,07.46,58
2024.12.09 07.47,07.47,58
2024.12.09 07.47,07.47,62
2024.12.09 07.47,07.47,62
2024.12.09 07.47,07.47,62
2024.12.09 07.48,07.48,62
2024.12.09 07.48,07.48,62
2024.12.09 07.48,07.48,62
2024.12.09 07.48,07.48,62
2024.12.09 07.49,07.49,62
2024.12.09 07.49,07.49,56
2024.12.09 07.49,07.49,56
2024.12.09 07.49,07.49,56
2024.12.09 07.50,07.50,56
2024.12.09 07.50,07.50,60
2024.12.09 07.50,07.50,60
2024.12.09 07.50,07.50,60
2024.12.09 07.51,07.51,60
2024.12.09 07.51,07.51,57
2024.12.09 07.51,07.51,57
2024.12.09 07.51,07.51,57
2024.12.09 07.52,07.52,57
2024.12.09 07.52,07.52,57
2024.12.09 07.52,07.52,57
2024.12.09 07.52,07.52,57
2024.12.09 07.53,07.53,57
2024.12.09 07.53,07.53,57
2024.12.09 07.53,07.53,57
2024.12.09 07.53,07.53,57
2024.12.09 07.54,07.54,57
2024.12.09 07.54,07.54,59
2024.12.09 07.54,07.54,59
2024.12.09 07.54,07.54,59
2024.12.09 07.55,07.55,59
2024.12.09 07.55,07.55,59
2024.12.09 07.55,07.55,59
2024.12.09 07.55,07.55,59
2024.12.09 07.56,07.56,59
2024.12.09 07.56,07.56,52
2024.12.09 07.56,07.56,52
2024.12.09 07.56,07.56,52
2024.12.09 07.57,07.57,52
2024.12.09 07.57,07.57,47
2024.12.09 07.57,07.57,47
2024.12.09 07.57,07.57,47
2024.12.09 07.58,07.58,47
2024.12.09 07.58,07.58,46
2024.12.09 07.58,07.58,46
2024.12.09 07.58,07.58,46
2024.12.09 07.59,07.59,46
2024.12.09 07.59,07.59,55
2024.12.09 07.59,07.59,55
2024.12.09 07.59,07.59,55
2024.12.09 08.00,08.00,55
2024.12.09 08.00,08.00,56
2024.12.09 08.00,08.00,56
2024.12.09 08.00,08.00,56
2024.12.09 08.01,08.01,56
2024.12.09 08.01,08.01,59
2024.12.09 08.01,08.01,59
2024.12.09 08.01,08.01,59
2024.12.09 08.02,08.02,59
2024.12.09 08.02,08.02,53
2024.12.09 08.02,08.02,53
2024.12.09 08.02,08.02,53
2024.12.09 08.03,08.03,53
2024.12.09 08.03,08.03,54
2024.12.09 08.03,08.03,54
2024.12.09 08.03,08.03,54
2024.12.09 08.04,08.04,54
2024.12.09 08.04,08.04,51
2024.12.09 08.04,08.04,51
2024.12.09 08.04,08.04,51
2024.12.09 08.05,08.05,51
2024.12.09 08.05,08.05,58
2024.12.09 08.05,08.05,58
2024.12.09 08.05,08.05,58
2024.12.09 08.06,08.06,58
2024.12.09 08.06,08.06,66
2024.12.09 08.06,08.06,66
2024.12.09 08.06,08.06,66
2024.12.09 08.07,08.07,66
2024.12.09 08.07,08.07,71
2024.12.09 08.07,08.07,71
2024.12.09 08.07,08.07,71
2024.12.09 08.08,08.08,71
2024.12.09 08.08,08.08,75
2024.12.09 08.08,08.08,75
2024.12.09 08.08,08.08,75
2024.12.09 08.09,08.09,75
2024.12.09 08.09,08.09,92
2024.12.09 08.09,08.09,92
2024.12.09 08.09,08.09,92
2024.12.09 08.10,08.10,92
2024.12.09 08.10,08.10,106
2024.12.09 08.10,08.10,106
2024.12.09 08.10,08.10,106
2024.12.09 08.11,08.11,106
2024.12.09 08.11,08.11,125
2024.12.09 08.11,08.11,125
2024.12.09 08.11,08.11,125
2024.12.09 08.12,08.12,125
2024.12.09 08.12,08.12,134
2024.12.09 08.12,08.12,134
2024.12.09 08.12,08.12,134
2024.12.09 08.13,08.13,134
2024.12.09 08.13,08.13,140
2024.12.09 08.13,08.13,140
2024.12.09 08.13,08.13,140
2024.12.09 08.14,08.14,140
2024.12.09 08.14,08.14,141
2024.12.09 08.14,08.14,141
2024.12.09 08.14,08.14,141
2024.12.09 08.15,08.15,141
2024.12.09 08.15,08.15,141
2024.12.09 08.15,08.15,141
2024.12.09 08.15,08.15,141
2024.12.09 08.16,08.16,141
2024.12.09 08.16,08.16,143
2024.12.09 08.16,08.16,143
2024.12.09 08.16,08.16,143
2024.12.09 08.17,08.17,143
2024.12.09 08.17,08.17,144
2024.12.09 08.17,08.17,144
2024.12.09 08.17,08.17,144
2024.12.09 08.18,08.18,144
2024.12.09 08.18,08.18,137
2024.12.09 08.18,08.18,137
2024.12.09 08.18,08.18,137
2024.12.09 08.19,08.19,137
2024.12.09 08.19,08.19,134
2024.12.09 08.19,08.19,134
2024.12.09 08.19,08.19,134
2024.12.09 08.20,08.20,134
2024.12.09 08.20,08.20,142
2024.12.09 08.20,08.20,142
2024.12.09 08.20,08.20,142
2024.12.09 08.21,08.21,142
2024.12.09 08.21,08.21,142
2024.12.09 08.21,08.21,142
2024.12.09 08.21,08.21,142
2024.12.09 08.22,08.22,142
2024.12.09 08.22,08.22,145
2024.12.09 08.22,08.22,145
2024.12.09 08.22,08.22,145
2024.12.09 08.23,08.23,145
2024.12.09 08.23,08.23,145
2024.12.09 08.23,08.23,145
2024.12.09 08.23,08.23,145
2024.12.09 08.24,08.24,145
2024.12.09 08.24,08.24,145
2024.12.09 08.24,08.24,145
2024.12.09 08.24,08.24,145
2024.12.09 08.25,08.25,145
2024.12.09 08.25,08.25,146
2024.12.09 08.25,08.25,146
2024.12.09 08.25,08.25,146
2024.12.09 08.26,08.26,146
2024.12.09 08.26,08.26,148
2024.12.09 08.26,08.26,148
2024.12.09 08.26,08.26,148
2024.12.09 08.27,08.27,148
2024.12.09 08.27,08.27,147
2024.12.09 08.27,08.27,147
2024.12.09 08.27,08.27,147
2024.12.09 08.28,08.28,147
2024.12.09 08.28,08.28,123
2024.12.09 08.28,08.28,123
2024.12.09 08.28,08.28,123
2024.12.09 08.29,08.29,123
2024.12.09 08.29,08.29,105
2024.12.09 08.29,08.29,105
2024.12.09 08.29,08.29,105
2024.12.09 08.30,08.30,105
2024.12.09 08.30,08.30,116
2024.12.09 08.30,08.30,116
2024.12.09 08.30,08.30,116
2024.12.09 08.31,08.31,116
2024.12.09 08.31,08.31,127
2024.12.09 08.31,08.31,127
2024.12.09 08.31,08.31,127
2024.12.09 08.32,08.32,127
2024.12.09 08.32,08.32,136
2024.12.09 08.32,08.32,136
2024.12.09 08.32,08.32,136
2024.12.09 08.33,08.33,136
2024.12.09 08.33,08.33,141
2024.12.09 08.33,08.33,141
2024.12.09 08.33,08.33,141
2024.12.09 08.34,08.34,141
2024.12.09 08.34,08.34,148
2024.12.09 08.34,08.34,148
2024.12.09 08.34,08.34,148
2024.12.09 08.35,08.35,148
2024.12.09 08.35,08.35,149
2024.12.09 08.35,08.35,149
2024.12.09 08.35,08.35,149
2024.12.09 08.36,08.36,149
2024.12.09 08.36,08.36,149
2024.12.09 08.36,08.36,149
2024.12.09 08.36,08.36,149
2024.12.09 08.37,08.37,149
2024.12.09 08.37,08.37,154
2024.12.09 08.37,08.37,154
2024.12.09 08.37,08.37,154
2024.12.09 08.38,08.38,154
2024.12.09 08.38,08.38,155
2024.12.09 08.38,08.38,155
2024.12.09 08.38,08.38,155
2024.12.09 08.39,08.39,155
2024.12.09 08.39,08.39,152
2024.12.09 08.39,08.39,152
2024.12.09 08.39,08.39,152
2024.12.09 08.40,08.40,152
2024.12.09 08.40,08.40,151
2024.12.09 08.40,08.40,151
2024.12.09 08.40,08.40,151
2024.12.09 08.41,08.41,151
2024.12.09 08.41,08.41,151
2024.12.09 08.41,08.41,151
2024.12.09 08.41,08.41,151
2024.12.09 08.42,08.42,151
2024.12.09 08.42,08.42,151
2024.12.09 08.42,08.42,151
2024.12.09 08.42,08.42,151
2024.12.09 08.43,08.43,151
2024.12.09 08.43,08.43,153
2024.12.09 08.43,08.43,153
2024.12.09 08.43,08.43,153
2024.12.09 08.44,08.44,153
2024.12.09 08.44,08.44,153
2024.12.09 08.44,08.44,153
2024.12.09 08.44,08.44,153
2024.12.09 08.45,08.45,153
2024.12.09 08.45,08.45,154
2024.12.09 08.45,08.45,154
2024.12.09 08.45,08.45,154
2024.12.09 08.46,08.46,154
2024.12.09 08.46,08.46,149
2024.12.09 08.46,08.46,149
2024.12.09 08.46,08.46,149
2024.12.09 08.47,08.47,149
2024.12.09 08.47,08.47,143
2024.12.09 08.47,08.47,143
2024.12.09 08.47,08.47,143
2024.12.09 08.48,08.48,143
2024.12.09 08.48,08.48,148
2024.12.09 08.48,08.48,148
2024.12.09 08.48,08.48,148
2024.12.09 08.49,08.49,148
2024.12.09 08.49,08.49,153
2024.12.09 08.49,08.49,153
2024.12.09 08.49,08.49,153
2024.12.09 08.50,08.50,153
2024.12.09 08.50,08.50,156
2024.12.09 08.50,08.50,156
2024.12.09 08.50,08.50,156
2024.12.09 08.51,08.51,156
2024.12.09 08.51,08.51,157
2024.12.09 08.51,08.51,157
2024.12.09 08.51,08.51,157
2024.12.09 08.52,08.52,157
2024.12.09 08.52,08.52,148
2024.12.09 08.52,08.52,148
2024.12.09 08.52,08.52,148
2024.12.09 08.53,08.53,148
2024.12.09 08.53,08.53,147
2024.12.09 08.53,08.53,147
2024.12.09 08.53,08.53,147
2024.12.09 08.54,08.54,147
2024.12.09 08.54,08.54,151
2024.12.09 08.54,08.54,151
2024.12.09 08.54,08.54,151
2024.12.09 08.55,08.55,151
2024.12.09 08.55,08.55,152
2024.12.09 08.55,08.55,152
2024.12.09 08.55,08.55,152
2024.12.09 08.56,08.56,152
2024.12.09 08.56,08.56,152
2024.12.09 08.56,08.56,152
2024.12.09 08.56,08.56,152
2024.12.09 08.57,08.57,152
2024.12.09 08.57,08.57,158
2024.12.09 08.57,08.57,158
2024.12.09 08.57,08.57,158
2024.12.09 08.58,08.58,158
2024.12.09 08.58,08.58,159
2024.12.09 08.58,08.58,159
2024.12.09 08.58,08.58,159
2024.12.09 08.59,08.59,159
2024.12.09 08.59,08.59,157
2024.12.09 08.59,08.59,157
2024.12.09 08.59,08.59,157
2024.12.09 09.00,09.00,157
2024.12.09 09.00,09.00,155
2024.12.09 09.00,09.00,155
2024.12.09 09.00,09.00,155
2024.12.09 09.01,09.01,155
2024.12.09 09.01,09.01,153
2024.12.09 09.01,09.01,153
2024.12.09 09.01,09.01,153
2024.12.09 09.02,09.02,153
2024.12.09 09.02,09.02,153
2024.12.09 09.02,09.02,153
2024.12.09 09.02,09.02,153
2024.12.09 09.03,09.03,153
2024.12.09 09.03,09.03,158
2024.12.09 09.03,09.03,158
2024.12.09 09.03,09.03,158
2024.12.09 09.04,09.04,158
2024.12.09 09.04,09.04,160
2024.12.09 09.04,09.04,160
2024.12.09 09.04,09.04,160
2024.12.09 09.05,09.05,160
2024.12.09 09.05,09.05,157
2024.12.09 09.05,09.05,157
2024.12.09 09.05,09.05,157
2024.12.09 09.06,09.06,157
2024.12.09 09.06,09.06,155
2024.12.09 09.06,09.06,155
2024.12.09 09.06,09.06,155
2024.12.09 09.07,09.07,155
2024.12.09 09.07,09.07,160
2024.12.09 09.07,09.07,160
2024.12.09 09.07,09.07,160
2024.12.09 09.08,09.08,160
2024.12.09 09.08,09.08,166
2024.12.09 09.08,09.08,166
2024.12.09 09.08,09.08,166
2024.12.09 09.09,09.09,166
2024.12.09 09.09,09.09,165
2024.12.09 09.09,09.09,165
2024.12.09 09.09,09.09,165
2024.12.09 09.10,09.10,165
2024.12.09 09.10,09.10,159
2024.12.09 09.10,09.10,159
2024.12.09 09.10,09.10,159
2024.12.09 09.11,09.11,159
2024.12.09 09.11,09.11,163
2024.12.09 09.11,09.11,163
2024.12.09 09.11,09.11,163
2024.12.09 09.12,09.12,163
2024.12.09 09.12,09.12,159
2024.12.09 09.12,09.12,159
2024.12.09 09.12,09.12,159
2024.12.09 09.13,09.13,159
2024.12.09 09.13,09.13,153
2024.12.09 09.13,09.13,153
2024.12.09 09.13,09.13,153
2024.12.09 09.14,09.14,153
2024.12.09 09.14,09.14,130
2024.12.09 09.14,09.14,130
2024.12.09 09.14,09.14,130
2024.12.09 09.15,09.15,130
2024.12.09 09.15,09.15,114
2024.12.09 09.15,09.15,114
2024.12.09 09.15,09.15,114
2024.12.09 09.16,09.16,114
2024.12.09 09.16,09.16,103
2024.12.09 09.16,09.16,103
2024.12.09 09.16,09.16,103
2024.12.09 09.17,09.17,103
2024.12.09 09.17,09.17,92
2024.12.09 09.17,09.17,92
2024.12.09 09.17,09.17,92
2024.12.09 09.18,09.18,92
2024.12.09 09.18,09.18,88
2024.12.09 09.18,09.18,88
2024.12.09 09.18,09.18,88
2024.12.09 09.19,09.19,88
2024.12.09 09.19,09.19,84
2024.12.09 09.19,09.19,84
2024.12.09 09.19,09.19,84
2024.12.09 09.20,09.20,84
2024.12.09 09.20,09.20,84
2024.12.09 09.20,09.20,84
2024.12.09 09.20,09.20,84
2024.12.09 09.21,09.21,84
2024.12.09 09.21,09.21,80
2024.12.09 09.21,09.21,80
2024.12.09 09.21,09.21,80
2024.12.09 09.22,09.22,80
2024.12.09 09.22,09.22,81
2024.12.09 09.22,09.22,81
2024.12.09 09.22,09.22,81
2024.12.09 09.23,09.23,81
2024.12.09 09.23,09.23,82
2024.12.09 09.23,09.23,82
2024.12.09 09.23,09.23,82
2024.12.09 09.24,09.24,82
2024.12.09 09.24,09.24,76
2024.12.09 09.24,09.24,76
2024.12.09 09.24,09.24,76
2024.12.09 09.25,09.25,76
2024.12.09 09.25,09.25,75
2024.12.09 09.25,09.25,75
2024.12.09 09.25,09.25,75
2024.12.09 09.26,09.26,75
2024.12.09 09.26,09.26,88
2024.12.09 09.26,09.26,88
2024.12.09 09.26,09.26,88
2024.12.09 09.27,09.27,88
2024.12.09 09.27,09.27,90
2024.12.09 09.27,09.27,90
2024.12.09 09.27,09.27,90
2024.12.09 09.28,09.28,90
2024.12.09 09.28,09.28,83
2024.12.09 09.28,09.28,83
2024.12.09 09.28,09.28,83
2024.12.09 09.29,09.29,83
2024.12.09 09.29,09.29,83
2024.12.09 09.29,09.29,83
2024.12.09 09.29,09.29,83
2024.12.09 09.30,09.30,83
2024.12.09 09.30,09.30,80
2024.12.09 09.30,09.30,80
2024.12.09 09.30,09.30,80
2024.12.09 09.31,09.31,80
2024.12.09 09.31,09.31,72
2024.12.09 09.31,09.31,72
2024.12.09 09.31,09.31,72
2024.12.09 09.32,09.32,72
2024.12.09 09.32,09.32,69
2024.12.09 09.32,09.32,69
2024.12.09 09.32,09.32,69
2024.12.09 09.33,09.33,69
2024.12.09 09.33,09.33,69
2024.12.09 09.33,09.33,69
2024.12.09 09.33,09.33,69
2024.12.09 09.34,09.34,69
2024.12.09 09.34,09.34,69
2024.12.09 09.34,09.34,69
2024.12.09 09.34,09.34,69
2024.12.09 09.35,09.35,69
2024.12.09 09.35,09.35,64
2024.12.09 09.35,09.35,64
2024.12.09 09.35,09.35,64
2024.12.09 09.36,09.36,64
2024.12.09 09.36,09.36,65
2024.12.09 09.36,09.36,65
2024.12.09 09.36,09.36,65
2024.12.09 09.37,09.37,65
